trial_id,param_varied
1,nu
2,nu
3,nu
4,nu
5,nu
6,nu
7,nu
8,nu
9,nu
10,nu
11,nu
12,nu
13,nu
14,nu
15,nu
16,nu
17,nu
18,nu
19,nu
20,nu
21,nu
22,nu
23,nu
24,nu
25,nu
26,nu
27,nu
28,nu
29,nu
30,nu
31,nu
32,nu
33,nu
34,nu
35,nu
36,nu
37,nu
38,nu
39,nu
40,nu
41,nu
42,nu
43,nu
44,nu
45,nu
46,nu
47,nu
48,nu
49,nu
50,nu
51,nu
52,nu
53,nu
54,nu
55,nu
56,nu
57,nu
58,nu
59,nu
60,nu
61,nu
62,nu
63,nu
64,nu
65,nu
66,nu
67,nu
68,nu
69,nu
70,nu
71,nu
72,nu
73,nu
74,nu
75,nu
76,nu
77,nu
78,nu
79,nu
80,nu
81,nu
82,nu
83,nu
84,nu
85,nu
86,nu
87,nu
88,nu
89,nu
90,nu
91,nu
92,nu
93,nu
94,nu
95,nu
96,nu
97,nu
98,nu
99,nu
100,nu
101,nu
102,nu
103,nu
104,nu
105,nu
106,nu
107,nu
108,nu
109,nu
110,nu
111,nu
112,nu
113,nu
114,nu
115,nu
116,nu
117,nu
118,nu
119,nu
120,nu
121,nu
122,nu
123,nu
124,nu
125,nu
126,nu
127,nu
128,nu
129,nu
130,nu
131,nu
132,nu
133,nu
134,nu
135,nu
136,nu
137,nu
138,nu
139,nu
140,nu
141,nu
142,nu
143,nu
144,nu
145,nu
146,nu
147,nu
148,nu
149,nu
150,nu
151,nu
152,nu
153,nu
154,nu
155,nu
156,nu
157,nu
158,nu
159,nu
160,nu
161,nu
162,nu
163,nu
164,nu
165,nu
166,nu
167,nu
168,nu
169,nu
170,nu
171,nu
172,nu
173,nu
174,nu
175,nu
176,nu
177,nu
178,nu
179,nu
180,nu
181,nu
182,nu
183,nu
184,nu
185,nu
186,nu
187,nu
188,nu
189,nu
190,nu
191,nu
192,nu
193,nu
194,nu
195,nu
196,nu
197,nu
198,nu
199,nu
200,nu
201,nu
202,nu
203,nu
204,nu
205,nu
206,nu
207,nu
208,nu
209,nu
210,nu
211,nu
212,nu
213,nu
214,nu
215,nu
216,nu
217,nu
218,nu
219,nu
220,nu
221,nu
222,nu
223,nu
224,nu
225,nu
226,nu
227,nu
228,nu
229,nu
230,nu
231,nu
232,nu
233,nu
234,nu
235,nu
236,nu
237,nu
238,nu
239,nu
240,nu
241,nu
242,nu
243,nu
244,nu
245,nu
246,nu
247,nu
248,nu
249,nu
250,nu
251,nu
252,nu
253,nu
254,nu
255,nu
256,nu
257,nu
258,nu
259,nu
260,nu
261,nu
262,nu
263,nu
264,nu
265,nu
266,nu
267,nu
268,nu
269,nu
270,nu
271,nu
272,nu
273,nu
274,nu
275,nu
276,nu
277,nu
278,nu
279,nu
280,nu
281,nu
282,nu
283,nu
284,nu
285,nu
286,nu
287,nu
288,nu
289,nu
290,nu
291,nu
292,nu
293,nu
294,nu
295,nu
296,nu
297,nu
298,nu
299,nu
300,nu
301,nu
302,nu
303,nu
304,nu
305,nu
306,nu
307,nu
308,nu
309,nu
310,nu
311,nu
312,nu
313,nu
314,nu
315,nu
316,nu
317,nu
318,nu
319,nu
320,nu
321,nu
322,nu
323,nu
324,nu
325,nu
326,nu
327,nu
328,nu
329,nu
330,nu
331,nu
332,nu
333,nu
334,nu
335,nu
336,nu
337,nu
338,nu
339,nu
340,nu
341,nu
342,nu
343,nu
344,nu
345,nu
346,nu
347,nu
348,nu
349,nu
350,nu
351,nu
352,nu
353,nu
354,nu
355,nu
356,nu
357,nu
358,nu
359,nu
360,nu
361,nu
362,nu
363,nu
364,nu
365,nu
366,nu
367,nu
368,nu
369,nu
370,nu
371,nu
372,nu
373,nu
374,nu
375,nu
376,nu
377,nu
378,nu
379,nu
380,nu
381,nu
382,nu
383,nu
384,nu
385,nu
386,nu
387,nu
388,nu
389,nu
390,nu
391,nu
392,nu
393,nu
394,nu
395,nu
396,nu
397,nu
398,nu
399,nu
400,nu
401,nu
402,nu
403,nu
404,nu
405,nu
406,nu
407,nu
408,nu
409,nu
410,nu
411,nu
412,nu
413,nu
414,nu
415,nu
416,nu
417,nu
418,nu
419,nu
420,nu
421,nu
422,nu
423,nu
424,nu
425,nu
426,nu
427,nu
428,nu
429,nu
430,nu
431,nu
432,nu
433,nu
434,nu
435,nu
436,nu
437,nu
438,nu
439,nu
440,nu
441,nu
442,nu
443,nu
444,nu
445,nu
446,nu
447,nu
448,nu
449,nu
450,nu
451,nu
452,nu
453,nu
454,nu
455,nu
456,nu
457,nu
458,nu
459,nu
460,nu
461,nu
462,nu
463,nu
464,nu
465,nu
466,nu
467,nu
468,nu
469,nu
470,nu
471,nu
472,nu
473,nu
474,nu
475,nu
476,nu
477,nu
478,nu
479,nu
480,nu
481,nu
482,nu
483,nu
484,nu
485,nu
486,nu
487,nu
488,nu
489,nu
490,nu
491,nu
492,nu
493,nu
494,nu
495,nu
496,nu
497,nu
498,nu
499,nu
500,nu
